Line Number,GIC (A)
1,-627.834255319149
2,-764.0706109324759
